Issuer,Recipient,Status,Image
北京联合大学,谭雨桐,Associate,1.png
北京卫生职业学院,张一多,Associate,2.png
北京联合大学,宋子奇,Associate,3.png
天津市慧翔职业技术学院,李梦竹,Associate,4.png
天津铁道职业技术学院,张鹏,Associate,5.png
天津市第二商业学校,方超,High School,6.png
福州大学至诚学院,张江洲,Bachalor,7.png
河北农业大学,艾鑫,Bachalor,8.png
邯郸学院,武孟楠,Associate,9.png
石家庄人民医学高等专科学校,大白,Associate,10.png
河北软件职业技术学院,韩凤娇,Associate,11.png
河北女子职业技术学院,许阳,Associate,12.png
北京化工大学,姜鑫艳,Master,13.png
南京航空航天大学金城学院,何宇航,Bachalor,14.png
天津科技大学,郭菁,Bachalor,15.png
中国人民大学,梁乾,Associate,16.png
北京理工大学,刘瑞琦,Associate,17.png
中北大学,cjz,Bachalor,18.png
山西农业大学信息学院,段文莹,Bachalor,19.png
山东英才学院,张林,Associate,20.png
沈阳菁华商业管理学校,李爽,Associate,21.png
北京理工大学,陈佳驿,Bachalor,22.png
清华大学,陆青青,Bachalor,23.png
大连工业大学,闫仲昊,Bachalor,24.png
清华大学,都教授,Master,25.png
华东交通大学,成文杰,Bachalor,26.png
上海海事大学,王泽,High School,27.png
黑龙江农垦职业学院,由涛,High School,28.png
牡丹江师范学院,崔明星,Bachalor,29.png
黑龙江大学,周心奇,Bachalor,30.png
上海政法学院,沈艺,Bachalor,31.png
华东政法大学,李一蔚,Bachalor,32.png
上海应用技术大学,刘栋,Associate,33.png
上海工商职业技术学校,陈依宁,Associate,34.png
上海大学,薛汉斌,Associate,35.png
上海工商职业技术学校,戴云洁,Associate,36.png
上海财经大学,陈强,Bachalor,37.png
上海新侨职业技术学院,王胜健,Associate,38.png
南京工业大学,凌慧冰,Bachalor,39.png
南京市莫愁职业学校,胡昊,High School,40.png
西北工业大学,陈依玟,Bachalor,41.png
南京行知业余学校,董傲,Associate,42.png
上海应用技术大学,姜奕冬,Bachalor,43.png
中国矿业大学,张权威,Bachalor,44.png
徐州工业职业技术学院,小枯贝,High School,45.png
南京交通职业技术学院,黄梦奇,Associate,46.png
南京师范大学中北学院,王欣欣,Bachalor,47.png
常州机电职业技术学院,魏本帅,Bachalor,48.png